City_ID,City,Lat,Lng,Max Temp,Humidity,Cloudiness,Wind Speed,Country,Date
0,muskogee,35.5834,-95.3336,24.12,79,0,4.63,US,1726542236
1,san antonio de pale,-1.4014,5.6325,24.53,85,100,6.71,GQ,1726542237
2,oranjemund,-28.55,16.4333,11.48,93,29,3.95,NA,1726542238
3,invercargill,-46.4,168.35,7.23,67,91,4.02,NZ,1726542240
4,tobol'sk,58.2,68.2667,7.84,64,0,2.29,RU,1726542241
5,lihue,21.9789,-159.3672,27.77,76,100,6.69,US,1726542242
6,boyolangu,-8.1181,111.8935,28.61,53,25,5.09,ID,1726542243
7,blackmans bay,-43.0167,147.3167,13.07,53,94,3.13,AU,1726542244
8,nagqu,31.5,92.0,10.11,60,6,2.95,CN,1726542245
9,labrador city,52.9463,-66.9114,16.95,82,75,2.57,CA,1726542246
10,port elizabeth,-33.918,25.5701,15.17,92,75,3.09,ZA,1726542247
11,puerto natales,-51.7236,-72.4875,4.98,95,73,3.42,CL,1726542248
12,touros,-5.1989,-35.4608,24.55,78,0,6.42,BR,1726542250
13,sitka,57.0531,-135.33,12.94,76,40,0.0,US,1726542251
14,saint marys,30.7305,-81.5465,23.34,86,0,2.06,US,1726542252
15,ribeira grande,38.5167,-28.7,23.21,92,100,6.26,PT,1726542253
16,adamstown,-25.066,-130.1015,19.51,84,100,8.29,PN,1726542254
17,karkira,36.9292,6.5856,20.67,68,100,4.36,DZ,1726542255
18,bethel,41.3712,-73.414,16.08,87,0,1.54,US,1726542256
19,olonkinbyen,70.9221,-8.7187,1.05,79,100,3.29,SJ,1726542257
20,avarua,-21.2078,-159.775,26.03,78,20,4.63,CK,1726542258
21,itupiranga,-5.1347,-49.3267,26.95,51,6,0.85,BR,1726542259
22,verdal,63.7933,11.4817,11.35,89,100,1.75,NO,1726542261
23,iquique,-20.2208,-70.1431,15.38,76,47,0.87,CL,1726542262
24,guerrero negro,27.9769,-114.0611,19.38,75,0,6.66,MX,1726542263
25,palikir - national government center,6.9248,158.1611,30.47,70,75,2.06,FM,1726542264
26,saipan,15.1355,145.701,31.39,74,75,4.63,MP,1726542265
27,iskateley,67.6803,53.1512,12.34,95,100,3.54,RU,1726542266
28,bredasdorp,-34.5322,20.0403,7.61,90,51,1.42,ZA,1726542267
29,badger,64.8,-147.5333,9.95,86,100,4.12,US,1726542268
30,zdvinsk,54.7021,78.661,7.39,65,4,2.22,RU,1726542270
31,kavieng,-2.5744,150.7967,29.9,70,42,5.61,PG,1726542271
32,ivdel',60.6911,60.4206,14.08,85,77,1.59,RU,1726542272
33,waitangi,-43.9535,-176.5597,11.01,93,100,1.79,NZ,1726542273
34,coahuayana de hidalgo,18.7,-103.6583,26.78,89,100,1.25,MX,1726542275
35,whitehorse,60.7161,-135.0538,8.43,75,75,6.17,CA,1726541791
36,adam,22.3756,57.5233,26.53,56,1,2.32,OM,1726542278
37,west island,-12.1568,96.8225,26.99,61,20,7.2,CC,1726542279
38,port douglas,-16.4833,145.4667,23.17,81,100,6.76,AU,1726542280
39,isafjordur,66.0755,-23.124,4.23,96,100,1.71,IS,1726542281
40,kani keli,-12.9536,45.1033,21.59,78,1,2.33,YT,1726542282
41,uturoa,-16.7333,-151.4333,26.09,80,96,3.5,PF,1726542283
42,bilibino,68.0546,166.4372,0.76,78,100,1.15,RU,1726542284
43,prince rupert,54.3161,-130.3201,13.05,99,100,10.29,CA,1726542286
44,vadso,70.0744,29.7487,8.09,81,0,2.06,NO,1726542288
45,grytviken,-54.2811,-36.5092,-2.83,78,12,5.08,GS,1726542289
46,novodvinsk,64.4165,40.8122,6.86,73,6,2.22,RU,1726542290
47,badr hunayn,23.7829,38.7905,28.39,51,1,1.32,SA,1726542291
48,crane,31.3974,-102.3501,28.1,42,88,8.44,US,1726542292
49,atafu village,-8.5421,-172.5159,28.35,70,11,2.6,TK,1726542293
50,wailua homesteads,22.0669,-159.378,27.44,79,100,6.69,US,1726542294
51,port mathurin,-19.6833,63.4167,21.49,69,24,8.16,MU,1726542295
52,tura,25.5198,90.2201,29.11,70,93,0.9,IN,1726542296
53,thompson,55.7435,-97.8558,11.09,87,20,1.54,CA,1726542298
54,nova sintra,14.8667,-24.7167,26.25,76,90,4.06,CV,1726542299
55,port-aux-francais,-49.35,70.2167,4.4,96,100,14.88,TF,1726542300
56,edinburgh of the seven seas,-37.0676,-12.3116,10.01,70,29,15.96,SH,1726542301
57,as sulayyil,20.4607,45.5779,28.55,16,4,1.95,SA,1726542302
58,praia da vitoria,38.7333,-27.0667,23.75,83,40,5.01,PT,1726542303
59,jayapura,-2.5333,140.7,33.66,67,59,3.83,ID,1726542304
60,bereznik,62.8551,42.7072,8.97,94,58,1.5,RU,1726542305
61,manicore,-5.8092,-61.3003,27.92,41,1,1.42,BR,1726542307
62,puerto ayora,-0.7393,-90.3518,21.33,88,68,5.13,EC,1726542309
63,soritor,-6.1392,-77.1039,19.02,93,3,1.87,PE,1726542310
64,camrose,53.0168,-112.8353,13.84,55,42,1.2,CA,1726542311
65,mhamid,29.82,-5.72,27.6,28,100,2.45,MA,1726542312
66,vegueta,-11.0231,-77.6431,16.44,85,2,3.94,PE,1726542313
67,yellowknife,62.456,-114.3525,12.29,93,75,2.06,CA,1726542301
68,pisco,-13.7,-76.2167,16.03,82,2,4.63,PE,1726542315
69,hasaki,35.7333,140.8333,27.84,77,83,5.6,JP,1726542316
70,sisimiut,66.9395,-53.6735,1.92,78,97,2.38,GL,1726542317
71,nevel'sk,46.6733,141.8633,17.34,69,7,4.77,RU,1726542318
72,point pedro,9.8167,80.2333,29.9,71,7,5.1,LK,1726542319
73,kapa'a,22.0752,-159.319,28.18,77,100,6.69,US,1726542320
74,anadyr,64.75,177.4833,9.28,87,75,2.0,RU,1726542322
75,nizhnevartovsk,60.9344,76.5531,9.01,87,0,3.0,RU,1726542323
76,brisas de zicatela,15.8369,-97.0419,28.48,83,100,2.58,MX,1726542324
77,stanley,54.868,-1.6985,7.5,100,0,1.03,GB,1726542325
78,wotje,9.4543,170.2367,28.12,77,5,3.62,MH,1726542326
79,muang phon-hong,18.4928,102.4172,30.66,63,51,0.52,LA,1726542327
80,hermanus,-34.4187,19.2345,9.33,84,55,3.04,ZA,1726542328
81,porto velho,-8.7619,-63.9039,28.03,69,21,2.06,BR,1726542329
82,san roque dau first,14.9784,120.5741,27.8,80,100,1.63,PH,1726542330
83,neufchateau,48.35,5.7,13.4,87,85,4.9,FR,1726542331
84,albany,42.6001,-73.9662,16.58,63,100,1.08,US,1726542332
85,nemuro,43.3236,145.575,17.85,90,88,7.67,JP,1726542333
86,longyearbyen,78.2186,15.6401,5.91,87,75,3.6,SJ,1726542335
87,tsiombe,-25.3,45.4833,18.96,95,100,2.18,MG,1726542336
88,santa eularia des riu,38.9846,1.5341,16.95,88,0,0.51,ES,1726542337
89,la gi,10.6667,107.7833,28.78,76,100,6.21,VN,1726542338
90,virginia,37.5481,-77.4467,21.25,93,100,2.57,US,1726542339
91,kursk,51.7303,36.1939,17.11,55,0,2.0,RU,1726542340
92,holualoa,19.6228,-155.9522,26.91,88,40,4.12,US,1726542341
93,constantia,44.1833,28.65,13.38,62,10,5.66,RO,1726542342
94,mahina,-17.5065,-149.489,25.87,89,75,5.14,PF,1726542343
95,linhares,-19.3911,-40.0722,21.67,91,57,1.33,BR,1726542344
96,privolzhskiy,51.4,46.0333,16.28,40,18,3.88,RU,1726542345
97,coxen hole,16.3244,-86.5366,30.6,79,20,7.72,HN,1726542346
98,sylva,58.0348,56.7635,12.97,91,25,1.02,RU,1726542347
99,puerto colombia,10.9878,-74.9547,25.05,83,100,4.64,CO,1726542349
100,st. john's,47.5649,-52.7093,18.32,86,75,8.75,CA,1726542350
101,keflavik,64.0049,-22.5624,8.24,93,75,3.09,IS,1726542351
102,cannonvale,-20.2833,148.7,22.66,55,91,9.14,AU,1726542352
103,jiuquan,39.7432,98.5174,22.06,50,17,3.98,CN,1726542353
104,dakhla,23.6848,-15.958,19.73,91,1,6.23,EH,1726542354
105,utrik,11.2278,169.8474,28.23,76,78,3.45,MH,1726542355
106,jingdezhen,29.2947,117.2079,34.12,53,98,0.12,CN,1726542356
107,saint-joseph,-21.3667,55.6167,19.21,74,60,3.88,RE,1726542357
108,claremont,34.0967,-117.7198,17.53,67,40,6.69,US,1726542358
109,queenstown,-31.8976,26.8753,10.39,88,67,1.05,ZA,1726542359
110,abong mbang,3.9833,13.1833,19.05,99,94,0.88,CM,1726542361
111,tiksi,71.6872,128.8694,1.65,98,100,2.85,RU,1726542362
112,palembang,-2.9167,104.7458,29.05,70,40,2.57,ID,1726542129
113,hammerfest,70.6634,23.6821,9.25,81,100,1.54,NO,1726542364
114,kapuskasing,49.4169,-82.4331,23.05,73,20,5.14,CA,1726542365
115,ilulissat,69.2167,-51.1,1.01,93,100,0.0,GL,1726542366
116,mexia,31.6799,-96.4822,27.03,71,0,2.06,US,1726542367
117,cabo san lucas,22.8909,-109.9124,24.31,77,7,6.26,MX,1726542074
118,richards bay,-28.783,32.0377,19.12,94,100,2.11,ZA,1726542369
119,el salto,20.3333,-104.5,19.19,94,43,1.17,MX,1726542370
120,midelt,32.6852,-4.7451,18.07,61,0,0.84,MA,1726542371
121,papatowai,-46.5619,169.4708,6.08,69,94,6.2,NZ,1726542372
122,mount pearl,47.5166,-52.7813,17.86,88,75,8.75,CA,1726542373
123,fisterra,42.9049,-9.2629,19.05,54,14,8.49,ES,1726542375
124,iqaluit,63.7506,-68.5145,2.85,86,100,9.26,CA,1726542376
125,bryne,58.7354,5.6477,10.44,93,20,1.03,NO,1726542377
126,college,64.8569,-147.8028,9.14,81,75,4.12,US,1726542378
127,weno,7.4515,151.8468,29.97,84,100,3.09,FM,1726542380
128,lebu,-37.6167,-73.65,9.18,88,100,5.17,CL,1726542381
129,sogne,58.0833,7.8167,9.27,90,71,2.35,NO,1726542382
130,jiangyou,31.7667,104.7167,27.93,66,77,1.11,CN,1726542383
131,taiobeiras,-15.8078,-42.2331,17.84,63,0,3.27,BR,1726542384
132,new plymouth,-39.0667,174.0833,5.45,79,87,4.98,NZ,1726542385
133,idah,7.1065,6.7342,23.74,97,100,1.33,NG,1726542386
134,tolanaro,-25.0319,46.9987,19.04,94,0,1.03,MG,1726542388
135,dorogobuzh,54.915,33.2972,12.24,65,4,2.66,RU,1726542389
136,djenne,13.9061,-4.5533,25.09,83,87,2.72,ML,1726542390
137,codrington,-38.2667,141.9667,13.64,60,100,8.16,AU,1726542391
138,sakakah,29.9697,40.2064,22.76,43,0,2.52,SA,1726542392
139,konarka,19.9,86.1167,29.86,71,99,1.96,IN,1726542393
140,burang,30.25,81.1667,7.31,63,15,1.94,CN,1726542394
141,georgetown,5.4112,100.3354,27.97,74,40,5.81,MY,1726542114
142,haiku-pauwela,20.9219,-156.3051,28.43,68,40,9.26,US,1726542396
143,salalah,17.0151,54.0924,26.05,78,75,2.06,OM,1726542397
144,enewetak,11.3474,162.3373,28.75,74,97,5.0,MH,1726542398
145,orsa,54.5153,30.4053,12.84,61,2,3.29,BY,1726542399
146,ancud,-41.8697,-73.8203,6.6,81,56,1.57,CL,1726542400
147,khovd,48.0056,91.6419,10.14,41,0,3.83,MN,1726542403
148,egilsstadir,65.2653,-14.3948,7.43,99,100,2.75,IS,1726542404
149,akureyri,65.6835,-18.0878,6.33,93,100,3.2,IS,1726542405
150,alice springs,-23.7,133.8833,21.75,12,48,5.14,AU,1726542406
151,hamilton,39.1834,-84.5333,22.78,54,0,0.45,US,1726542407
152,port hedland,-20.3167,118.5667,32.03,14,0,8.75,AU,1726542408
153,dhuusamarreeb,5.535,46.3861,23.89,83,40,6.76,SO,1726542409
154,taro,-8.3862,115.28,28.89,39,57,2.52,ID,1726542410
155,qarauyl,48.9451,79.255,3.78,63,7,8.84,KZ,1726542411
156,barra de santo antonio,-9.4047,-35.5072,23.59,79,27,4.49,BR,1726542412
157,ta`u,-14.2336,-169.5144,26.78,73,88,3.03,AS,1726542415
158,kapit,2.0167,112.9333,33.56,47,83,1.23,MY,1726542416
159,thinadhoo,0.5333,72.9333,28.85,75,25,3.93,MV,1726542417
160,remire-montjoly,4.9167,-52.2667,26.02,89,55,2.06,GF,1726542418
161,flying fish cove,-10.4217,105.6791,26.82,78,75,4.12,CX,1726542419
162,ushuaia,-54.8,-68.3,6.81,76,40,8.23,AR,1726542316
163,klyuchi,52.2667,79.1667,6.73,67,6,5.13,RU,1726542421
164,belmonte,-15.8631,-38.8828,22.87,84,4,3.41,BR,1726542422
165,rongelap,11.1635,166.8941,28.6,74,5,3.77,MH,1726542423
166,minas de marcona,-15.2119,-75.1103,12.24,79,7,3.87,PE,1726542424
167,margaret river,-33.95,115.0667,18.03,55,0,2.62,AU,1726542425
168,gamba,-2.65,10.0,23.61,90,100,2.92,GA,1726542426
169,san patricio,28.017,-97.5169,25.97,75,0,3.7,US,1726542428
170,ambon,-3.6954,128.1814,30.08,79,40,3.09,ID,1726542429
171,berezovo,63.9381,65.0419,14.23,87,99,2.54,RU,1726542430
172,kouroussa,10.65,-9.8833,21.12,98,97,1.64,GN,1726542431
173,bedesa,8.9,40.7833,16.83,89,100,1.03,ET,1726542432
174,eyl,7.9803,49.8164,25.91,78,57,7.7,SO,1726542433
175,untsukul',42.7115,46.7866,13.85,75,100,0.87,RU,1726542434
176,luau,-10.7073,22.2247,19.89,30,2,1.47,AO,1726542435
177,kargasok,59.0556,80.8572,7.38,61,100,3.69,RU,1726542436
178,lucapa,-8.4192,20.7447,19.43,77,3,1.27,AO,1726542437
179,chibougamau,49.9168,-74.3659,18.01,87,23,3.87,CA,1726542438
180,bhandara,21.1667,79.65,24.33,89,100,3.96,IN,1726542439
181,howrah,22.5892,88.3103,30.0,84,75,4.63,IN,1726542440
182,dapa,9.7594,126.0531,29.59,70,100,7.03,PH,1726542442
183,chulym,55.0997,80.9572,6.0,69,7,2.47,RU,1726542443
184,nogliki,51.8333,143.1667,17.32,58,99,6.1,RU,1726542444
185,hithadhoo,-0.6,73.0833,28.71,75,88,3.69,MV,1726542445
186,taoudenni,22.6783,-3.9836,34.08,29,12,3.57,ML,1726542446
187,sohag,26.557,31.6948,28.54,41,0,2.49,EG,1726542447
188,port lincoln,-34.7333,135.8667,17.03,43,0,2.66,AU,1726542395
189,ipora,-16.4419,-51.1178,25.59,45,14,3.46,BR,1726542452
190,nyurba,63.2842,118.3319,6.54,57,99,6.0,RU,1726542455
191,tazovsky,67.4667,78.7,4.9,94,90,3.28,RU,1726542456
192,port alfred,-33.5906,26.891,14.54,91,79,1.48,ZA,1726542457
193,puerto leguizamo,-0.1934,-74.7819,23.23,94,45,0.41,CO,1726542458
194,ghanzi,-21.5667,21.7833,19.55,28,54,3.81,BW,1726542459
195,vrangel',42.7297,133.0839,21.11,75,34,4.28,RU,1726542460
196,la ronge,55.1001,-105.2842,14.74,56,99,3.04,CA,1726542461
197,voss,60.623,6.4229,10.29,94,100,0.08,NO,1726542462
198,mugia,43.1041,-9.2179,15.51,58,6,9.8,ES,1726542464
199,tateyama,34.9833,139.8667,27.88,78,13,3.9,JP,1726542465
200,meadow lakes,61.6247,-149.6011,10.93,89,75,2.06,US,1726542466
201,llanes,43.4198,-4.7549,15.33,68,100,3.72,ES,1726542467
202,tionk essil,12.7856,-16.5217,23.93,93,98,3.94,SN,1726542468
203,kitob,39.0843,66.8332,17.97,56,42,1.25,UZ,1726542469
204,jamestown,42.097,-79.2353,18.8,75,0,1.54,US,1726542470
205,aykhal,66.0,111.5,1.59,98,100,6.95,RU,1726542471
206,sechura,-5.5569,-80.8222,16.97,83,56,5.65,PE,1726542472
207,scottburgh,-30.2867,30.7532,17.87,89,100,0.54,ZA,1726542474
208,udachny,66.4167,112.4,4.47,76,100,8.08,RU,1726542475
209,syanno,54.8106,29.7069,12.72,59,5,3.44,BY,1726542476
210,alaghsas,17.0187,8.0168,29.23,48,100,4.5,NE,1726542478
211,tikamgarh,24.745,78.8333,24.11,85,98,3.12,IN,1726542479
212,kingscliff,-28.2667,153.5667,22.75,53,0,8.23,AU,1726542480
213,saudarkrokur,65.7461,-19.6394,6.15,87,97,2.33,IS,1726542481
214,gobabis,-22.45,18.9667,10.66,19,0,3.98,NA,1726542482
215,galax,36.6612,-80.924,14.08,96,100,3.6,US,1726542483
216,ust-nera,64.5667,143.2,5.46,57,99,3.09,RU,1726542485
217,tual,-5.6667,132.75,26.81,83,88,6.49,ID,1726542486
218,cadale,2.7603,46.3222,25.06,90,20,5.69,SO,1726542487
219,cavalaire-sur-mer,43.174,6.5272,12.4,69,94,0.66,FR,1726542488
220,embi,48.8264,58.1442,9.06,44,0,8.68,KZ,1726542489
221,port blair,11.6667,92.75,28.02,89,75,3.09,IN,1726542491
222,kodiak,57.79,-152.4072,13.73,58,0,5.66,US,1726542492
223,perry,37.2506,-83.1999,17.85,58,100,1.52,US,1726542493
224,la sarre,48.8002,-79.1996,21.54,61,88,3.9,CA,1726542494
225,hirosaki,40.5931,140.4725,18.99,88,100,1.11,JP,1726542495
226,yuzhno-kurilsk,44.0306,145.8556,17.64,92,100,5.48,RU,1726542496
227,san andres,12.5847,-81.7006,30.01,16,20,4.12,CO,1726542497
228,happy valley-goose bay,53.3168,-60.3315,13.49,93,12,2.77,CA,1726542498
229,hatton,6.8916,80.5955,20.96,77,86,3.28,LK,1726542499
230,fallon,39.4735,-118.7774,10.93,92,100,2.57,US,1726542500
231,haapavesi,64.1333,25.3667,9.18,94,100,2.13,FI,1726542501
232,susuman,62.7833,148.1667,5.64,49,57,2.17,RU,1726542502
233,monrovia,6.3005,-10.7969,24.5,89,54,1.01,LR,1726542503
234,moose jaw,50.4001,-105.5344,21.17,58,29,3.46,CA,1726542505
235,narvik,68.4384,17.4272,11.88,96,100,2.56,NO,1726542506
236,betio village,1.358,172.9211,30.02,65,100,1.96,KI,1726542507
237,darwin,-12.4611,130.8418,21.99,83,75,7.2,AU,1726542508
238,chonchi,-42.6128,-73.8092,5.07,87,98,0.91,CL,1726542509
239,ma'rib,15.4591,45.3253,26.11,17,71,2.81,YE,1726542510
240,new norfolk,-42.7826,147.0587,9.8,72,100,4.87,AU,1726542511
241,maragogi,-9.0122,-35.2225,22.87,81,15,3.54,BR,1726542512
242,masterton,-40.9597,175.6575,5.49,97,100,5.95,NZ,1726542513
243,punta arenas,-53.15,-70.9167,5.06,87,75,12.86,CL,1726542514
244,jagdalpur,19.0667,82.0333,23.14,88,100,3.35,IN,1726542515
245,carutapera,-1.195,-46.02,25.73,80,0,4.04,BR,1726542516
246,vytegra,61.0064,36.4481,13.76,85,93,1.15,RU,1726542518
247,lesosibirsk,58.2358,92.4828,5.38,63,100,2.0,RU,1726542519
248,midvagur,62.0511,-7.1939,11.46,93,100,6.69,FO,1726542520
249,road town,18.4167,-64.6167,28.71,72,15,7.67,VG,1726542521
250,gao,16.6362,1.637,28.06,49,100,7.56,ML,1726542522
251,nar'yan-mar,67.6713,53.087,12.25,95,97,3.53,RU,1726542523
252,hadibu,12.65,54.0333,25.34,84,36,6.07,YE,1726542524
253,mawu,34.4307,104.9176,15.75,86,93,2.91,CN,1726542525
254,margate,51.3813,1.3862,16.04,71,100,0.45,GB,1726542526
255,kijang,35.2442,129.2139,27.84,75,59,1.93,KR,1726542527
256,puerto quijarro,-17.7833,-57.7667,22.95,53,35,1.19,BO,1726542529
257,kourou,5.1552,-52.6478,26.28,82,18,4.22,GF,1726542531
258,tindouf,27.6711,-8.1474,26.46,29,99,5.55,DZ,1726542532
259,hawaiian paradise park,19.5933,-154.9731,26.73,81,100,2.06,US,1726542533
260,rio preto da eva,-2.6994,-59.6997,27.86,38,0,0.7,BR,1726542534
261,katabu,-4.9333,122.5167,33.42,41,99,1.69,ID,1726542535
262,rakops,-21.0167,24.3333,21.91,26,57,3.46,BW,1726542536
263,chinde,26.8212,87.7095,27.91,65,91,1.47,NP,1726542537
264,luganville,-15.5333,167.1667,24.25,80,100,5.26,VU,1726542538
265,shimokizukuri,40.8061,140.3861,20.06,93,99,2.47,JP,1726542539
266,imbituba,-28.24,-48.6703,14.07,91,2,1.11,BR,1726542540
267,benguela,-12.5763,13.4055,21.27,89,51,0.8,AO,1726542541
268,vuktyl,63.8567,57.3094,14.5,97,100,3.26,RU,1726542542
269,farafangana,-22.8167,47.8333,18.59,86,50,3.73,MG,1726542543
270,afaahiti,-17.75,-149.2833,24.06,87,82,4.76,PF,1726542545
271,gonzales,30.2385,-90.9201,26.99,89,40,1.54,US,1726542351
272,port shepstone,-30.7414,30.455,17.82,88,100,0.83,ZA,1726542547
273,pangody,65.85,74.4859,9.07,89,100,1.86,RU,1726542548
274,nova vicosa,-17.8919,-39.3719,23.94,80,0,5.42,BR,1726542549
275,skopin,53.8249,39.5505,13.52,59,5,2.76,RU,1726542550
276,ntcheu,-14.8203,34.6359,17.9,54,0,0.7,MW,1726542551
277,kupang,-10.1667,123.5833,32.32,51,20,5.14,ID,1726542552
278,dudinka,69.4058,86.1778,4.09,81,8,4.18,RU,1726542553
279,kill devil hills,36.0307,-75.676,24.01,91,100,4.63,US,1726542554
280,mount gambier,-37.8333,140.7667,14.76,49,83,5.38,AU,1726542555
281,concepcion,-36.827,-73.0498,10.89,76,0,2.06,CL,1726542556
282,taksimo,56.3444,114.8794,8.1,42,54,1.7,RU,1726542558
283,gladstone,-23.85,151.25,25.99,43,100,4.12,AU,1726542559
284,bel ombre,-4.6167,55.4167,26.68,83,5,9.57,SC,1726542560
285,mokhotlong,-29.2894,29.0675,10.94,76,100,2.66,LS,1726542561
286,yeniseysk,58.4497,92.1703,5.41,64,100,1.89,RU,1726542562
287,vila franca do campo,37.7167,-25.4333,23.23,82,92,1.9,PT,1726542563
288,lazaro cardenas,17.9583,-102.2,28.06,82,100,2.19,MX,1726542564
289,gebre guracha,9.8,38.4,10.36,83,78,0.76,ET,1726542565
290,qaqortoq,60.7167,-46.0333,4.39,87,100,0.66,GL,1726542566
291,bogale,16.2833,95.4,28.99,75,100,2.58,MM,1726542567
292,grenaa,56.4158,10.8783,11.12,90,50,4.27,DK,1726542568
293,kuta,-8.7233,115.1723,28.97,74,20,3.09,ID,1726542569
294,talara,-4.5772,-81.2719,17.42,94,0,6.69,PE,1726542570
295,karratha,-20.7377,116.8463,29.63,24,0,9.77,AU,1726542572
296,camana,-16.6228,-72.7111,15.96,88,19,3.34,PE,1726542574
297,ha giang,22.8333,104.9833,29.92,73,83,0.77,VN,1726542575
298,cestos city,5.46,-9.5828,24.8,89,81,2.84,LR,1726542576
299,villa la angostura,-40.7617,-71.6463,1.53,96,40,1.35,AR,1726542577
300,diadema,-23.6861,-46.6228,15.06,99,100,4.12,BR,1726542578
301,ponta delgada,37.7333,-25.6667,23.4,68,97,2.57,PT,1726542579
302,rabaul,-4.1967,152.1721,28.68,71,25,2.4,PG,1726542580
303,taroa,8.7058,171.2275,28.08,77,31,4.06,MH,1726542581
304,priargunsk,50.3691,119.1012,19.49,33,18,3.72,RU,1726542582
305,salamanca,40.8333,-6.0,12.3,54,10,6.2,ES,1726542584
306,bad blankenburg,50.6833,11.2667,13.85,98,100,2.7,DE,1726542585
307,noshiro,40.2039,140.0242,23.49,71,94,1.88,JP,1726542586
308,izazi,-7.2,35.7333,19.8,66,49,1.17,TZ,1726542588
309,uttaradit,17.6667,100.5,29.85,77,84,0.65,TH,1726542589
310,aasiaat,68.7098,-52.8699,-2.95,89,99,1.56,GL,1726542590
311,flin flon,54.7682,-101.865,14.1,61,42,2.51,CA,1726542591
312,san miguel,13.4833,-88.1833,25.0,97,9,1.31,SV,1726542592
313,notodden,59.5594,9.2585,7.09,83,90,0.47,NO,1726542593
314,dazuocun,24.8862,118.9643,28.46,82,1,13.41,CN,1726542595
315,kiama,-34.6833,150.8667,20.14,46,8,4.47,AU,1726542596
316,pauini,-7.7136,-66.9764,26.49,46,31,1.29,BR,1726542597
317,brokopondo,4.75,-55.1667,26.58,77,61,4.03,SR,1726542598
318,vilyuchinsk,52.9306,158.4028,15.15,58,100,3.81,RU,1726542599
319,clinton,42.587,-82.9199,21.05,77,0,0.45,US,1726542600
320,yakeshi,49.2833,120.7333,18.47,35,0,5.7,CN,1726542601
321,shitanjing,39.2342,106.3439,16.63,94,100,0.78,CN,1726542602
322,al kharijah,25.4514,30.5464,28.5,41,1,3.51,EG,1726542603
323,camabatela,-8.1881,15.375,17.34,92,95,2.08,AO,1726542604
324,hinton,53.4001,-117.5857,10.85,69,100,0.47,CA,1726542605
325,svetlyy,54.675,20.1347,14.43,61,0,3.31,RU,1726542606
326,usogorsk,63.4106,48.6872,12.13,94,29,2.43,RU,1726542608
327,wakkanai,45.4094,141.6739,19.58,82,22,10.32,JP,1726542609
328,chu,43.5983,73.7614,16.9,34,61,4.78,KZ,1726542610
329,karaikkudi,10.0667,78.7833,30.81,46,30,3.87,IN,1726542611
330,korla,41.7597,86.1469,24.21,24,0,3.65,CN,1726542612
331,xilin hot,43.9667,116.0333,18.12,55,100,0.75,CN,1726542613
332,carnarvon,-24.8667,113.6333,27.64,29,0,7.63,AU,1726542614
333,ishigaki,24.3448,124.1572,29.4,76,11,8.16,JP,1726542615
334,vorkuta,67.5,64.0,13.43,98,100,3.21,RU,1726542616
335,salym,60.0625,71.4789,8.34,65,3,2.74,RU,1726542618
336,lompoc,34.6391,-120.4579,16.12,82,100,3.09,US,1726542619
337,goure,13.9835,10.2704,26.99,56,81,3.1,NE,1726542621
338,borzya,50.3833,116.5167,17.37,38,6,3.5,RU,1726542622
339,merowe,18.4833,31.8167,32.05,24,46,3.62,SD,1726542623
340,ar rutbah,33.0381,40.2848,21.39,53,0,3.1,IQ,1726542624
341,tangalle,6.024,80.7911,28.42,75,72,5.77,LK,1726542625
342,akjoujt,19.6969,-14.4164,30.67,39,100,3.04,MR,1726542626
343,east london,-33.0153,27.9116,17.23,80,100,2.7,ZA,1726542627
344,pacifica,37.6138,-122.4869,14.95,86,40,4.12,US,1726542628
345,greymouth,-42.4667,171.2,10.7,47,39,1.9,NZ,1726542629
346,kone,-21.0595,164.8658,24.0,40,39,7.22,NC,1726542630
347,saint-philippe,-21.3585,55.7679,20.92,76,67,4.88,RE,1726542631
348,suining,30.508,105.5733,31.68,51,75,0.24,CN,1726542632
349,kingston,17.997,-76.7936,30.53,74,20,6.69,JM,1726542634
350,tarawa,1.419,172.984,30.05,70,20,1.54,KI,1726542635
351,sangmelima,2.9333,11.9833,19.76,99,100,1.61,CM,1726542636
352,semirom,31.4167,51.5667,11.27,41,0,0.59,IR,1726542637
353,san ignacio,17.1561,-89.0714,24.08,100,0,0.0,BZ,1726542638
354,kovalam,8.3667,76.9967,29.05,79,20,4.63,IN,1726542639
355,impfondo,1.6381,18.0667,21.55,93,80,1.23,CG,1726542640
356,island harbour,50.724,-1.2758,11.66,71,80,0.45,GB,1726542641
357,alofi,-19.0595,-169.9187,26.94,78,73,4.12,NU,1726542642
358,miri,4.4148,114.0089,27.14,85,100,3.41,MY,1726542643
359,undurkhaan,47.3194,110.6556,18.35,36,0,5.41,MN,1726542644
360,ulladulla,-35.35,150.4667,16.9,47,19,5.45,AU,1726542646
361,cold lake,54.4502,-110.2017,13.43,64,100,2.05,CA,1726542647
362,turpan,42.9333,89.1667,29.15,15,0,1.6,CN,1726542648
363,nanganga,-10.3833,39.15,21.82,83,77,1.56,TZ,1726542649
364,vorgashor,67.5833,63.95,13.1,98,100,3.12,RU,1726542651
365,pallappatti,10.7,77.8833,29.0,54,84,8.24,IN,1726542652
366,byron bay,-28.65,153.6167,19.43,56,0,5.28,AU,1726542653
367,coron,11.9986,120.2043,25.44,97,100,4.37,PH,1726542654
368,vilyuysk,63.7553,121.6247,7.18,51,99,6.44,RU,1726542655
369,tulcan,0.8,-77.7167,9.12,96,96,2.21,EC,1726542657
370,puerto deseado,-47.7503,-65.8938,10.42,52,89,11.16,AR,1726542658
371,bubaque,11.2833,-15.8333,26.73,82,100,7.91,GW,1726542659
372,nago,26.5881,127.9761,29.38,76,5,7.37,JP,1726542660
373,sirte,31.2089,16.5887,24.46,71,0,4.81,LY,1726542661
374,griffith,41.5284,-87.4237,20.53,56,0,0.0,US,1726542662
375,selfoss,63.9331,-20.9971,10.02,93,100,3.56,IS,1726542663
376,mancio lima,-7.6142,-72.8958,24.44,69,10,1.22,BR,1726542664
377,lobito,-12.3481,13.5456,21.11,91,74,0.68,AO,1726542665
378,walvis bay,-22.9575,14.5053,10.85,93,25,2.88,NA,1726542666
379,wynyard,-41.0,145.7167,11.77,78,96,2.24,AU,1726542667
380,mojkovac,42.9604,19.5833,5.05,94,32,0.41,ME,1726542668
381,mayma,52.0197,85.9114,4.77,73,17,1.45,RU,1726542670
382,san julian,21.0167,-102.1667,18.36,74,100,2.82,MX,1726542671
383,puerto aysen,-45.4,-72.7,4.42,99,99,2.06,CL,1726542672
384,suva,-18.1416,178.4415,22.71,94,75,3.6,FJ,1726542673
385,la passe,45.5549,-0.8967,13.42,79,4,4.35,FR,1726542674
386,briare,47.6334,2.7438,13.67,89,57,5.48,FR,1726542675
387,krasnovishersk,60.4078,57.082,12.03,95,81,1.37,RU,1726542676
388,antsiranana,-12.2787,49.2917,21.78,64,0,6.39,MG,1726542677
389,dryden,49.7833,-92.7503,19.16,82,100,4.63,CA,1726542678
390,gaigeturi,33.4644,126.3183,29.92,73,23,1.7,KR,1726542679
391,spanish wells,26.323,-81.7957,28.32,84,0,0.0,US,1726542680
392,baikonur,45.6167,63.3167,17.89,40,100,10.31,KZ,1726542681
393,malango,-2.9627,119.9001,29.21,43,48,1.65,ID,1726542683
394,mount isa,-20.7333,139.5,25.87,27,95,5.14,AU,1726542684
395,ghadamis,30.1337,9.5007,27.56,30,25,2.34,LY,1726542685
396,urengoy,65.9667,78.3667,8.69,84,96,3.81,RU,1726542686
397,springs,-26.25,28.4,15.37,93,83,4.51,ZA,1726542687
398,arteche,12.2645,125.4048,25.86,93,100,2.72,PH,1726542688
399,ivankiv,50.9386,29.8943,15.08,55,26,3.32,UA,1726542689
400,pattan,34.1667,74.5667,17.86,45,0,0.54,IN,1726542690
401,chivilcoy,-34.8957,-60.0167,13.23,61,84,3.68,AR,1726542691
402,selkirk,50.1436,-96.8845,16.21,96,100,0.45,CA,1726542692
403,ghat,24.9647,10.1728,32.27,22,88,4.43,LY,1726542693
404,tommot,58.9564,126.2925,5.57,68,61,3.59,RU,1726542694
405,quesnel,52.9999,-122.5029,18.28,59,100,2.57,CA,1726542696
406,petropavlovsk-kamchatsky,53.0452,158.6483,14.33,41,20,6.0,RU,1726542698
407,chimoio,-19.1164,33.4833,18.26,54,0,1.0,MZ,1726542699
408,mchinji,-13.7984,32.8802,18.43,44,3,3.54,MW,1726542700
409,lagos,6.5833,3.75,24.22,92,99,1.86,NG,1726542701
410,muli,2.9167,73.5667,28.96,74,13,5.75,MV,1726542702
411,kiunga,-6.1219,141.2906,30.3,61,95,2.05,PG,1726542703
412,roswell,34.0232,-84.3616,20.95,74,0,2.57,US,1726542704
413,sinabang,2.4803,96.3801,25.46,90,100,2.8,ID,1726542705
414,taunggyi,20.7833,97.0333,24.16,76,70,2.05,MM,1726542706
415,tralee,52.2704,-9.7026,13.14,89,61,1.96,IE,1726542707
416,argostolion,38.1811,20.489,20.41,44,76,1.54,GR,1726542709
417,markaz-e hukumat-e darweshan,31.1323,64.1934,27.38,21,0,1.8,AF,1726542710
418,fortuna,40.5982,-124.1573,14.96,92,100,3.09,US,1726542467
419,pestravka,52.405,49.9583,14.41,52,18,3.17,RU,1726542712
420,tannum sands,-23.9504,151.3693,25.97,43,100,4.12,AU,1726542714
421,ravar,31.2656,56.8055,24.35,26,0,1.35,IR,1726542715
422,al'met'yevsk,54.9044,52.3154,11.57,80,0,1.71,RU,1726542716
423,rouissat,31.9243,5.3502,27.3,34,63,2.92,DZ,1726542717
424,warmbad,-28.45,18.7333,12.79,56,0,4.04,NA,1726542718
425,ghiror,27.1833,78.8,27.86,70,91,1.65,IN,1726542720
426,nakonde,-9.3421,32.745,13.03,61,17,2.12,ZM,1726542723
427,pokhara,28.2333,83.9833,22.79,78,97,1.23,NP,1726542724
428,florence,43.7667,11.25,18.18,56,100,3.6,IT,1726542496
429,oeiras,-7.0253,-42.1311,27.43,40,39,2.95,BR,1726542726
430,nizhnesortymskiy,62.4397,71.7603,10.94,76,82,5.19,RU,1726542727
431,grand baie,-20.0182,57.5802,19.69,80,58,6.25,MU,1726542728
432,trinidad,-14.8333,-64.9,22.84,38,8,2.03,BO,1726542729
433,viedma,-40.8135,-62.9967,10.98,49,100,7.16,AR,1726542732
434,koulamoutou,-1.1303,12.4736,21.69,98,73,0.81,GA,1726542733
435,saint-leu,-21.15,55.2833,19.48,88,57,0.41,RE,1726542734
436,seneca,41.1167,-83.1166,16.86,90,0,3.58,US,1726542735
437,abaza,52.655,90.0928,2.89,90,100,1.26,RU,1726542736
438,bonthe,7.5264,-12.505,24.58,88,22,0.96,SL,1726542737
439,orimattila,60.8049,25.7296,12.51,91,100,1.64,FI,1726542738
440,trincomalee,8.5711,81.2335,29.36,70,52,8.61,LK,1726542739
441,victoria,22.2855,114.1577,34.42,66,81,4.47,HK,1726542491
442,mossel bay,-34.1831,22.146,12.48,77,0,1.31,ZA,1726542741
443,ola,59.5833,151.2833,5.35,86,94,1.66,RU,1726542742
444,smithers,54.7804,-127.1743,13.18,94,100,1.03,CA,1726542744
445,i-n-salah,27.1935,2.4607,31.81,25,0,4.33,DZ,1726542745
446,guaruja,-23.9931,-46.2564,16.05,26,98,1.75,BR,1726542746
447,sao felipe,-14.8167,-41.3833,21.23,63,22,1.18,BR,1726542747
448,north bend,43.4065,-124.2243,15.7,88,100,5.14,US,1726542748
449,caconda,-13.7333,15.0667,15.52,78,2,0.68,AO,1726542749
450,bowen,-20.0167,148.2333,23.85,51,73,10.25,AU,1726542750
451,libertad,8.9442,125.5019,31.68,64,100,1.15,PH,1726542751
452,abalak,58.1286,68.5944,7.75,65,0,1.96,RU,1726542754
453,apolinario saravia,-24.4328,-63.9954,17.59,39,0,1.57,AR,1726542755
454,manistee,44.2445,-86.3242,17.75,77,27,2.18,US,1726542757
455,wamba,8.9333,8.6,22.57,93,99,1.26,NG,1726542758
456,mont-laurier,46.5501,-75.4993,16.29,87,0,1.15,CA,1726542759
457,south venice,27.0531,-82.4243,27.22,82,100,0.45,US,1726542760
458,binzhou,37.3667,118.0167,27.38,54,1,3.16,CN,1726542761
459,inari,68.906,27.0288,10.01,91,100,2.55,FI,1726542762
460,rio grande,-32.035,-52.0986,13.71,89,0,2.96,BR,1726542763
461,belle fourche,44.6714,-103.8522,21.71,62,99,2.32,US,1726542764
462,howard springs,-12.497,131.047,21.95,57,54,5.69,AU,1726542765
463,nanpara,27.8667,81.5,28.07,77,100,2.58,IN,1726542766
464,tazacorte,28.629,-17.9293,21.54,73,0,2.57,ES,1726542767
465,alotau,-10.3069,150.4462,24.28,97,100,3.33,PG,1726542768
466,oriximina,-1.7656,-55.8661,30.03,45,72,2.21,BR,1726542769
467,najafgarh,28.6123,76.9824,27.06,89,40,4.12,IN,1726542771
468,zaysan,47.4667,84.8667,8.71,42,6,1.37,KZ,1726542772
469,laguna,38.421,-121.4238,20.08,57,0,0.0,US,1726542664
470,ulanhot,46.0833,122.0833,20.7,38,97,2.33,CN,1726542774
471,yaguajay,22.3272,-79.2378,27.8,81,100,1.4,CU,1726542775
472,metlili chaamba,32.2667,3.6333,24.37,48,0,3.19,DZ,1726542776
473,les cayes,18.2,-73.75,27.35,84,82,2.11,HT,1726542777
474,apostolove,47.66,33.7137,19.11,34,100,6.69,UA,1726542778
475,colonia,50.9333,6.95,15.53,87,0,1.54,DE,1726542779
476,uige,-7.6087,15.0613,19.21,93,71,1.0,AO,1726542782
477,waddan,29.1614,16.139,25.93,60,19,2.93,LY,1726542783
478,arno,60.1167,18.6333,11.56,85,99,1.43,SE,1726542784
479,bodo,67.28,14.405,10.99,88,75,11.32,NO,1726542785
480,ocean city,39.2776,-74.5746,21.66,90,100,6.12,US,1726542786
481,sawakin,19.1059,37.3321,30.62,71,75,2.69,SD,1726542787
482,daru,-9.0763,143.2092,25.45,86,100,6.56,PG,1726542788
483,miches,18.9836,-69.0476,26.34,89,82,2.04,DO,1726542789
484,marica,-22.9194,-42.8186,20.75,86,100,4.27,BR,1726542790
485,lesparre-medoc,45.3,-0.9333,12.04,88,3,2.9,FR,1726542791
486,horta,38.5333,-28.6333,22.79,92,100,6.26,PT,1726542792
487,monticello,45.3055,-93.7941,24.56,69,75,3.6,US,1726542794
488,valle de la pascua,9.2155,-66.0073,22.0,98,100,3.03,VE,1726542795
489,pagar alam,-4.0167,103.2667,27.12,48,87,1.63,ID,1726542796
490,heerde,52.3872,6.0402,14.39,94,51,1.79,NL,1726542797
491,tehachapi,35.1322,-118.449,12.8,55,0,5.81,US,1726542798
492,mejit,10.2753,170.8646,28.02,78,15,4.16,MH,1726542799
493,pirajui,-21.9986,-49.4572,15.55,85,36,5.28,BR,1726542800
494,harstad,68.799,16.5293,11.2,88,86,6.26,NO,1726542801
495,amga,60.8953,131.9608,8.33,50,14,3.71,RU,1726542802
496,timbuktu,16.7735,-3.0074,31.99,49,81,3.16,ML,1726542803
497,beipiao,41.7919,120.7792,20.5,51,100,1.85,CN,1726542804
498,talnakh,69.4865,88.3972,3.54,90,51,3.24,RU,1726542807
499,forster,-32.1667,152.5167,18.54,57,3,5.68,AU,1726542808
500,berberati,4.2612,15.7922,19.41,98,91,0.49,CF,1726542809
501,qamdo,31.1667,97.2333,13.36,63,86,2.73,CN,1726542810
502,bardai,11.65,7.2333,21.78,90,100,1.85,NG,1726542811
503,mandimba,-14.3548,35.6515,18.97,52,3,1.82,MZ,1726542812
504,sorong,-0.8833,131.25,30.74,65,89,3.89,ID,1726542813
505,nadym,65.5333,72.5167,11.89,88,100,1.4,RU,1726542814
506,dromore,54.5167,-7.4667,12.49,97,57,1.34,GB,1726542815
507,luderitz,-26.6481,15.1594,11.3,86,0,7.06,NA,1726542816
508,asbe teferi,9.0833,40.8667,16.08,90,99,1.06,ET,1726542818
509,ishpeming,46.4885,-87.6676,22.43,71,37,2.81,US,1726542619
510,petropavlovka,50.6114,105.3196,12.04,59,17,1.97,RU,1726542820
511,san luis de la loma,17.2706,-100.8939,27.69,86,100,2.59,MX,1726542821
512,arkhangel'sk,64.5401,40.5433,7.06,100,0,2.0,RU,1726542822
513,axim,4.8699,-2.2405,23.2,93,0,2.89,GH,1726542823
514,santo antonio,-6.3106,-35.4789,20.2,92,14,3.37,BR,1726542824
515,manacapuru,-3.2997,-60.6206,28.42,46,0,2.39,BR,1726542825
516,fregenal de la sierra,38.1692,-6.6537,18.68,19,6,2.24,ES,1726542826
517,bikenibeu village,1.3673,173.1241,29.98,70,20,1.54,KI,1726542827
518,port macquarie,-31.4333,152.9167,17.26,62,10,1.34,AU,1726542236
519,moa,20.6569,-74.9403,27.99,87,95,2.03,CU,1726542830
520,tete,-16.1564,33.5867,20.05,45,0,0.0,MZ,1726542832
521,saint-pierre,-21.3393,55.4781,19.82,64,0,3.09,RE,1726542833
522,gisborne,-38.6533,178.0042,11.82,72,96,4.99,NZ,1726542834
523,kerikeri,-35.2268,173.9474,13.28,60,15,7.15,NZ,1726542835
524,slyudyanka,51.6594,103.7061,5.29,91,100,1.93,RU,1726542836
525,dumai,1.6833,101.45,30.71,57,69,3.15,ID,1726542837
526,salekhard,66.53,66.6019,15.0,87,100,2.17,RU,1726542838
527,nadvoitsy,63.8667,34.3167,10.01,55,99,1.75,RU,1726542839
528,long beach,33.767,-118.1892,19.14,76,0,6.69,US,1726542841
529,zhezqazghan,47.7833,67.7667,6.32,52,0,12.0,KZ,1726542842
530,dauphin,51.1494,-100.0502,19.08,77,0,4.12,CA,1726542843
531,gilgit,35.9221,74.3087,20.58,32,100,2.16,PK,1726542844
532,homer,59.6425,-151.5483,11.94,74,0,4.63,US,1726542845
533,kirkwall,58.9848,-2.9587,13.87,88,75,4.12,GB,1726542846
534,okhotsk,59.3833,143.3,10.63,61,10,1.22,RU,1726542847
535,baturite,-4.3286,-38.8847,20.84,87,29,2.86,BR,1726542848
536,chui,-33.6971,-53.4616,11.16,80,0,2.56,UY,1726542849
537,qarah bagh,34.9402,61.7759,16.02,46,0,2.75,AF,1726542850
538,san luis,-33.295,-66.3356,16.83,22,61,5.95,AR,1726542851
539,staraya kulatka,52.7167,47.6167,12.34,78,0,2.73,RU,1726542852
540,mahdalynivka,48.921,34.9156,16.51,43,0,5.87,UA,1726542854
541,plastun,44.7561,136.2939,24.33,41,2,3.41,RU,1726542855
542,unicov,49.7709,17.1214,13.99,88,31,1.32,CZ,1726542856
543,hartford,41.7668,-72.7662,15.98,93,100,1.23,US,1726542857
544,illizi,26.4833,8.4667,32.89,28,89,4.14,DZ,1726542858
545,rossosh',51.1209,38.5116,13.75,54,8,4.28,RU,1726542859
546,fale old settlement,-9.3852,-171.2468,27.84,73,30,1.43,TK,1726542860
547,loukhi,66.0764,33.0381,9.61,77,100,2.42,RU,1726542861
548,cabeza del buey,38.7223,-5.2195,17.18,26,6,1.72,ES,1726542862
549,pemangkat,1.1667,108.9667,30.0,61,84,5.08,ID,1726542863
550,palangkaraya,-2.2,113.8333,33.96,39,17,2.29,ID,1726542865
551,matadi,-5.8167,13.45,23.51,85,61,2.04,CD,1726542866
552,prainha,-1.8,-53.48,26.75,57,1,1.63,BR,1726542867
553,hirara,24.8,125.2833,31.15,74,40,7.72,JP,1726542868
554,buchanan,5.8808,-10.0467,24.33,90,59,1.39,LR,1726542869
555,santiago papasquiaro,25.046,-105.4208,21.46,55,80,2.3,MX,1726542870
556,kolonia,50.9333,6.95,15.53,87,0,1.54,DE,1726542779
557,knyaze-volkonskoye,48.4642,135.4567,20.19,62,0,6.41,RU,1726542872
558,torbat-e heydariyeh,35.274,59.2195,17.61,40,2,1.81,IR,1726542874
559,pan de azucar,-34.8,-55.2333,10.98,82,0,1.54,UY,1726542875
560,mikun',62.3547,50.0771,12.33,86,8,2.59,RU,1726542877
561,ciudad acuna,29.3232,-100.9522,28.16,72,0,3.6,MX,1726542878
562,maralal,1.0968,36.698,13.44,78,7,1.43,KE,1726542879
563,kidal,18.4411,1.4078,30.45,50,100,4.65,ML,1726542880
564,basco,20.4487,121.9702,29.44,80,87,10.66,PH,1726542881
565,puerto carreno,6.189,-67.4859,26.48,85,100,1.17,CO,1726542882
566,greeley,40.4233,-104.7091,21.6,49,2,1.52,US,1726542566
567,port moresby,-9.4431,147.1797,26.97,79,96,5.81,PG,1726542884
568,noumea,-22.2763,166.4572,20.81,53,6,5.89,NC,1726542885
569,paradip garh,20.3167,86.6167,29.55,73,99,4.22,IN,1726542886
570,porto novo,6.4965,2.6036,24.24,90,100,2.49,BJ,1726542887
571,kamaishi,39.2667,141.8833,27.0,60,14,0.99,JP,1726542888
572,moree,-29.4667,149.85,20.5,30,0,2.7,AU,1726542890
573,kabinda,-6.1333,24.4833,21.04,64,17,2.25,CD,1726542891
574,arar,30.9753,41.0381,24.01,43,0,7.2,SA,1726542892
575,sur,22.5667,59.5289,29.88,56,0,2.45,OM,1726542893
576,charters towers,-20.1,146.2667,25.26,39,100,6.6,AU,1726542894
577,ust-tsilma,65.441,52.1498,14.39,78,96,3.05,RU,1726542895
578,yichun,47.7,128.9,21.36,36,0,4.63,CN,1726542896
579,el fasher,13.6279,25.3494,26.52,58,98,4.07,SD,1726542897
580,portland,45.5234,-122.6762,20.99,61,3,0.89,US,1726542294
581,mermoz boabab,14.7065,-17.4758,24.81,88,100,1.15,SN,1726542899
582,port saint john's,-31.6229,29.5448,18.23,87,100,3.78,ZA,1726542900
583,brandon,27.9378,-82.2859,26.95,93,0,2.06,US,1726542902
584,filey,54.21,-0.2892,8.49,93,100,0.98,GB,1726542903
585,kuanda,56.3161,116.0806,7.63,45,14,2.33,RU,1726542904
586,constitucion,-35.3333,-72.4167,11.04,78,100,2.3,CL,1726542905
587,quellon,-43.1167,-73.6167,5.83,83,99,2.0,CL,1726542906
588,kittila,67.6647,24.8936,10.08,100,100,1.03,FI,1726542907
589,meizhou,24.2977,116.1072,33.68,56,59,2.61,CN,1726542908
590,trencin,48.8333,18.25,12.98,98,81,1.04,SK,1726542909
591,tixkokob,21.0,-89.4,27.77,88,100,2.84,MX,1726542910
592,pimentel,-6.8367,-79.9342,17.16,82,20,5.66,PE,1726542911
593,luchegorsk,46.4764,134.2569,21.49,57,15,3.83,RU,1726542912
594,namibe,-15.1961,12.1522,17.06,92,38,1.56,AO,1726542913
